median_age,life_expectancy,total_cases_per_million,gdp_per_capita,hospital_beds_per_thousand,people_fully_vaccinated_per_hundred,stringency_index,continent_Asia,continent_Europe,continent_North America,continent_Oceania,continent_South America
16.75200080871582,65.61699676513672,5796.4683,1983.8126220703125,0.3499999940395355,45.270844,27.3945802919708,1.0,0.0,0.0,0.0,0.0
35.94300079345703,78.768798828125,119264.51,21641.07421875,2.900000095367432,45.24426,41.78210766423358,0.0,1.0,0.0,0.0,0.0
27.982999801635746,76.12889862060547,5990.669,15501.919921875,1.6100000143051147,14.251447,48.36772810218978,0.0,0.0,0.0,0.0,0.0
27.927000045776367,72.7520980834961,172831.6,18068.505859375,2.3799999952316284,62.44032,43.27303832116788,0.0,0.0,0.0,1.0,0.0
42.83200073242188,84.01640319824219,602280.44,65928.3046875,2.3799999952316284,67.10946,33.4867700729927,0.0,1.0,0.0,0.0,0.0
16.389999389648438,64.24549865722656,3016.3298,8901.8876953125,0.75,26.965265,51.621733576642335,0.0,0.0,0.0,0.0,0.0
37.77299880981445,79.11940002441406,274890.88,18068.505859375,2.3799999952316284,73.10238,43.27303832116788,0.0,0.0,1.0,0.0,0.0
35.071998596191406,77.4832992553711,98072.16,29371.638671875,3.4200000762939453,67.187935,43.27303832116788,0.0,0.0,1.0,0.0,0.0
31.73900032043457,75.80609893798828,222854.31,26771.96484375,3.359999895095825,76.860214,52.42909671532847,0.0,0.0,0.0,0.0,1.0
35.814998626708984,74.63330078125,157903.14,20078.78515625,4.239999771118164,35.779274,43.27303832116788,1.0,0.0,0.0,0.0,0.0
40.766998291015625,76.22579956054688,410271.62,44558.9296875,2.3799999952316284,78.26926,38.25028284671533,0.0,0.0,1.0,0.0,0.0
37.512001037597656,82.76619720458984,452699.0,60303.98046875,3.819999933242798,82.62102,47.19702554744526,0.0,0.0,0.0,1.0,0.0
42.83200073242188,81.2958984375,671153.44,63788.078125,6.699999809265137,73.72863,49.143120437956206,0.0,1.0,0.0,0.0,0.0
32.0620002746582,74.125,81251.586,22072.1484375,3.680000066757202,47.230198,59.99155109489052,1.0,0.0,0.0,0.0,0.0
34.23400115966797,74.49109649658203,98422.305,36244.05078125,2.1700000762939453,42.0011,52.295,0.0,0.0,1.0,0.0,0.0
31.683000564575195,80.99210357666016,454275.94,58891.83203125,1.840000033378601,80.00182,37.79302919708029,1.0,0.0,0.0,0.0,0.0
24.989999771118164,74.26470184326172,12116.075,8486.78515625,0.9200000166893004,83.95181,49.97339416058394,1.0,0.0,0.0,0.0,0.0
38.652000427246094,75.67610168457031,386584.22,21837.724609375,6.400000095367432,54.91811,47.84323905109489,0.0,0.0,1.0,0.0,0.0
40.19200134277344,74.36119842529297,108369.78,29040.97265625,9.770000457763672,69.931625,23.35875912408759,0.0,1.0,0.0,0.0,0.0
41.1510009765625,81.15889739990234,421601.22,63347.78515625,5.420000076293945,78.77591,39.04728102189781,0.0,1.0,0.0,0.0,0.0
25.520999908447266,72.19039916992188,177516.08,12621.408203125,1.0,54.992664,48.01630474452555,0.0,0.0,1.0,0.0,0.0
17.645999908447266,60.47510147094727,2037.573,3901.325927734375,0.4300000071525574,19.934122,32.174443430656936,0.0,0.0,0.0,0.0,0.0
44.70299911499024,82.06159973144531,291175.2,109311.9375,2.3799999952316284,73.576546,39.40254562043796,0.0,0.0,1.0,0.0,0.0
28.809999465942383,72.75399780273438,80615.07,14610.2958984375,2.1600000858306885,86.778175,50.683649635036495,1.0,0.0,0.0,0.0,0.0
24.39200019836425,67.43419647216797,100370.07,11329.1513671875,1.4900000095367432,51.01023,42.2929197080292,0.0,0.0,0.0,0.0,1.0
39.77299880981445,78.15450286865234,416067.56,18068.505859375,2.3799999952316284,58.407204,43.27303832116788,0.0,0.0,1.0,0.0,0.0
44.55899810791016,76.7771987915039,126151.01,20527.693359375,2.3499999046325684,26.400383,38.6827098540146,0.0,1.0,0.0,0.0,0.0
22.60400009155273,68.74870300292969,135538.2,18068.505859375,2.359999895095825,68.17876,36.4909306569343,0.0,0.0,0.0,0.0,0.0
33.50600051879883,74.87190246582031,180805.06,19652.365234375,2.5199999809265137,83.76549,48.54258211678832,0.0,0.0,0.0,0.0,1.0
37.119998931884766,77.177001953125,199786.16,18068.505859375,2.3799999952316284,47.621655,43.27303832116788,0.0,0.0,1.0,0.0,0.0
31.275999069213867,72.91709899902344,769806.8,79071.734375,3.5799999237060547,98.09827,39.496021897810216,1.0,0.0,0.0,0.0,0.0
44.15399932861328,74.0342025756836,196472.47,34221.53125,8.199999809265137,30.443129,36.167572992700734,0.0,1.0,0.0,0.0,0.0
17.041000366210938,60.70000076293945,987.6477,2547.67236328125,0.2000000029802322,23.245539,20.494908759124087,0.0,0.0,0.0,0.0,0.0
15.67199993133545,62.88190078735352,4096.433,1051.25927734375,0.6899999976158142,0.27265763,15.849945255474454,0.0,0.0,0.0,0.0,0.0
25.59600067138672,70.52799987792969,8099.5386,7008.88916015625,0.7300000190734863,85.417465,45.121569343065694,1.0,0.0,0.0,0.0,0.0
17.62299919128418,62.44279861450195,4535.376,4916.93359375,2.650000095367432,11.570632,31.54181569343066,0.0,0.0,0.0,0.0,0.0
40.25299835205078,81.24929809570312,124134.44,56706.82421875,2.539999961853028,81.80634,50.31122262773722,0.0,0.0,1.0,0.0,0.0
27.32200050354004,75.90679931640625,124194.32,9848.953125,2.2100000381469727,59.39779,48.15736313868613,0.0,0.0,0.0,0.0,0.0
37.499000549316406,79.98410034179688,439491.7,79675.859375,2.3799999952316284,84.75911,43.27303832116788,0.0,0.0,1.0,0.0,0.0
14.29800033569336,18.817699432373047,3039.0122,1111.2193603515625,1.0,48.74395,23.903476277372263,0.0,0.0,0.0,0.0,0.0
15.10200023651123,54.52750015258789,417.33228,2412.865966796875,0.1500000059604644,27.202782,36.31362226277373,0.0,0.0,0.0,0.0,0.0
35.5260009765625,79.17620086669922,276710.22,30182.787109375,1.940000057220459,90.523636,51.38692518248176,0.0,0.0,0.0,0.0,1.0
38.53400039672852,78.20210266113281,69732.8,23845.619140625,5.630000114440918,90.12756,73.31321167883212,1.0,0.0,0.0,0.0,0.0
31.18099975585937,76.50810241699219,123764.08,18477.21484375,1.7000000476837158,71.90879,50.66514598540146,0.0,0.0,0.0,0.0,1.0
20.10199928283692,66.48059844970703,10919.562,3482.534912109375,2.3799999952316284,47.60061,43.27303832116788,0.0,0.0,0.0,0.0,0.0
18.20199966430664,65.00029754638672,4181.2036,6181.470703125,2.3799999952316284,10.838571,43.53104927007299,0.0,0.0,0.0,0.0,0.0
34.10900115966797,75.07869720458984,500101.72,18068.505859375,2.3799999952316284,99.87116,43.27303832116788,0.0,0.0,0.0,1.0,0.0
33.5359992980957,79.31639862060547,244547.77,26973.435546875,1.1399999856948853,85.98951,43.3070802919708,0.0,0.0,1.0,0.0,0.0
17.992000579833984,61.562198638916016,135538.2,6747.0380859375,2.3799999952316284,40.020737,24.87639598540146,0.0,0.0,0.0,0.0,0.0
44.61100006103516,78.27790069580078,351078.1,42829.19921875,5.599999904632568,57.63479,33.40400547445255,0.0,1.0,0.0,0.0,0.0
41.505001068115234,77.62909698486328,100709.94,18068.505859375,4.329999923706055,90.90253,48.01255474452555,0.0,0.0,1.0,0.0,0.0
37.95399856567383,76.72869873046875,247547.88,28762.05859375,2.3799999952316284,54.42946,43.27303832116788,0.0,0.0,1.0,0.0,0.0
37.3390007019043,80.43370056152344,764467.6,52635.58203125,2.150000095367432,69.774,45.09606751824818,0.0,1.0,0.0,0.0,0.0
42.64500045776367,79.16480255126953,457906.6,47963.8984375,6.539999961853027,64.60811,39.48719890510949,0.0,1.0,0.0,0.0,0.0
15.765999794006348,60.97890090942383,986.45496,1602.074951171875,2.3799999952316284,14.062447,37.43197080291971,0.0,0.0,0.0,0.0,0.0
41.21599960327149,81.29060363769531,585081.8,71431.2890625,2.430000066757202,79.82519,35.377308394160586,0.0,1.0,0.0,0.0,0.0
24.084999084472656,65.54019927978516,13798.247,6871.12451171875,1.399999976158142,35.28341,39.84058394160584,0.0,0.0,0.0,0.0,0.0
35.29499816894531,71.08059692382812,240055.66,18739.36328125,3.9700000286102295,45.864437,39.84109489051095,0.0,0.0,1.0,0.0,0.0
27.316999435424805,74.21080017089844,58865.52,24229.888671875,0.75,54.586662,45.041660583941606,0.0,0.0,1.0,0.0,0.0
20.63999938964844,67.36840057373047,17132.854,3890.95751953125,0.3799999952316284,58.552513,36.23715328467153,1.0,0.0,0.0,0.0,0.0
27.975000381469727,76.57669830322266,60715.78,13935.5390625,1.3200000524520874,79.94636,47.73926094890511,0.0,0.0,0.0,0.0,1.0
23.8129997253418,71.00969696044922,4582.0547,16798.15234375,1.059999942779541,37.59353,43.27303832116788,0.0,0.0,0.0,0.0,0.0
26.51000022888184,71.96949768066406,32174.496,11669.08203125,1.2100000381469729,70.025406,41.40949817518248,0.0,0.0,1.0,0.0,0.0
21.016000747680664,63.35449981689453,9497.939,15454.4287109375,2.3799999952316284,11.867269,43.27303832116788,0.0,0.0,0.0,0.0,0.0
18.405000686645508,67.78919982910156,2988.4585,18068.505859375,1.0199999809265137,62.44032,61.98833029197081,0.0,0.0,0.0,0.0,0.0
41.625,78.16739654541016,457624.78,41189.66796875,4.130000114440918,63.90219,32.01828467153285,0.0,1.0,0.0,0.0,0.0
21.76799964904785,63.02830123901367,61821.89,10380.396484375,2.0199999809265137,35.058464,48.58365875912409,0.0,0.0,0.0,0.0,0.0
18.527999877929688,66.89710235595703,3998.4197,2892.22216796875,0.3300000131130218,34.815372,45.03737226277372,0.0,0.0,0.0,0.0,0.0
40.935001373291016,79.0447998046875,547083.94,18068.505859375,2.3799999952316284,50.497868,43.27303832116788,0.0,0.0,0.0,0.0,1.0
37.53799819946289,79.26370239257812,641351.6,72059.578125,2.3799999952316284,75.67683,27.565136861313867,0.0,1.0,0.0,0.0,0.0
27.475000381469727,67.14810180664062,75097.78,13592.4638671875,1.8899999856948853,69.73836,54.02374087591241,0.0,0.0,0.0,1.0,0.0
42.5260009765625,81.24349975585938,272657.97,56123.1484375,2.609999895095825,78.054924,32.519306569343065,0.0,1.0,0.0,0.0,0.0
41.56700134277344,82.47530364990234,607685.44,54799.34765625,5.650000095367432,80.257324,42.27250912408759,0.0,1.0,0.0,0.0,0.0
25.23500061035156,76.79419708251953,328644.84,18068.505859375,2.3799999952316284,62.44032,43.27303832116788,0.0,0.0,0.0,0.0,1.0
34.15999984741211,83.8593978881836,283360.9,18068.505859375,2.3799999952316284,66.62304,43.27303832116788,0.0,0.0,0.0,1.0,0.0
21.475000381469727,67.71299743652344,20186.773,18923.662109375,1.950000047683716,10.592245,47.46268248175183,0.0,0.0,0.0,0.0,0.0
17.985000610351562,64.85900115966797,4789.355,3057.68408203125,1.1100000143051147,20.451042,32.8836496350365,0.0,0.0,0.0,0.0,0.0
36.63399887084961,74.14089965820312,491289.62,24883.908203125,4.039999961853027,33.62968,43.51702554744526,1.0,0.0,0.0,0.0,0.0
45.02399826049805,80.57959747314453,457125.44,62554.5546875,7.550000190734863,75.596375,44.04211678832117,0.0,1.0,0.0,0.0,0.0
20.73600006103516,65.24600219726562,5214.1,7055.625,0.6899999976158142,32.519695,42.581414233576645,0.0,0.0,0.0,0.0,0.0
38.948001861572266,83.5167007446289,546092.3,18068.505859375,2.3799999952316284,110.18841,43.27303832116788,0.0,1.0,0.0,0.0,0.0
45.39099884033203,79.94409942626953,563396.94,37474.28125,4.269999980926514,73.44144,52.54457116788321,0.0,1.0,0.0,0.0,0.0
33.92399978637695,70.0519027709961,213714.42,71037.5390625,2.3799999952316284,68.75246,30.740702554744523,0.0,0.0,1.0,0.0,0.0
32.88600158691406,75.15080261230469,168419.88,17751.509765625,3.009999990463257,33.38294,43.27303832116788,0.0,0.0,1.0,0.0,0.0
45.86299896240234,80.90540313720703,528292.0,18068.505859375,2.3799999952316284,62.44032,43.27303832116788,0.0,0.0,1.0,0.0,0.0
30.979999542236328,77.10150146484375,316520.7,18068.505859375,2.3799999952316284,62.44032,43.72554744525547,0.0,0.0,0.0,1.0,0.0
22.24399948120117,71.2063980102539,70342.766,12640.8876953125,0.449999988079071,39.953743,53.45754562043796,0.0,0.0,1.0,0.0,0.0
43.880001068115234,83.10800170898438,554133.3,18068.505859375,2.3799999952316284,82.68235,43.27303832116788,0.0,1.0,0.0,0.0,0.0
17.836000442504883,60.43159866333008,2745.9001,4016.341796875,0.3000000119209289,41.650185,52.760620437956206,0.0,0.0,0.0,0.0,0.0
18.732999801635746,63.60449981689453,4566.0605,2744.27978515625,2.3799999952316284,26.0094,43.27303832116788,0.0,0.0,0.0,0.0,0.0
25.304000854492188,69.88849639892578,91913.96,70516.71875,3.240000009536743,46.797615,52.199142335766425,0.0,0.0,0.0,0.0,1.0
23.25,63.94829940795898,3033.919,2809.645263671875,4.900000095367432,3.1845589,44.14991788321168,0.0,0.0,1.0,0.0,0.0
23.20599937438965,72.71510314941406,45207.133,6585.85546875,0.5299999713897705,55.94186,62.847700729927006,0.0,0.0,1.0,0.0,0.0
45.59099960327149,83.48529815673828,135538.2,66153.9765625,2.3799999952316284,91.124664,58.07604927007299,1.0,0.0,0.0,0.0,0.0
42.99300003051758,76.21179962158203,231392.38,40686.93359375,6.630000114440918,64.090385,36.542892335766425,0.0,1.0,0.0,0.0,0.0
35.74700164794922,81.58769989013672,555491.0,67310.0546875,2.8299999237060547,78.32783,30.61391423357664,0.0,1.0,0.0,0.0,0.0
27.68400001525879,71.69840240478516,31609.014,9818.04296875,1.590000033378601,66.78652,57.86519160583941,1.0,0.0,0.0,0.0,0.0
29.56100082397461,70.92459869384766,24496.148,14470.4375,1.3700000047683716,62.749634,54.45875,1.0,0.0,0.0,0.0,0.0
32.340999603271484,76.79930114746094,85204.44,17484.1328125,1.850000023841858,65.44067,59.33673357664233,1.0,0.0,0.0,0.0,0.0
20.093000411987305,72.03710174560547,55945.402,12725.04296875,1.059999942779541,18.0274,58.38047445255474,1.0,0.0,0.0,0.0,0.0
37.99700164794922,82.05049896240234,343286.28,119037.734375,2.9600000381469727,79.5611,42.54294708029197,0.0,1.0,0.0,0.0,0.0
45.47600173950195,80.95610046386719,451680.38,18068.505859375,2.3799999952316284,79.74759,43.27303832116788,0.0,1.0,0.0,0.0,0.0
29.086000442504883,82.81449890136719,531871.56,47338.84375,3.140000104904175,70.14864,43.283403284671536,1.0,0.0,0.0,0.0,0.0
47.11600112915039,82.052001953125,452370.3,53265.00390625,3.059999942779541,83.00122,52.284242700729926,0.0,1.0,0.0,0.0,0.0
31.152999877929688,71.48090362548828,55533.523,11340.263671875,1.649999976158142,26.796753,53.979808394160585,0.0,0.0,1.0,0.0,0.0
48.54800033569336,84.0541000366211,270433.8,46106.921875,12.59000015258789,82.76578,40.35818430656934,1.0,0.0,0.0,0.0,0.0
42.867000579833984,79.72570037841797,641502.3,18068.505859375,2.3799999952316284,79.11839,43.27303832116788,0.0,1.0,0.0,0.0,0.0
23.94300079345703,77.08799743652344,155202.14,9520.2509765625,1.409999966621399,40.495773,41.26021897810219,1.0,0.0,0.0,0.0,0.0
29.347999572753903,73.50279998779297,75088.555,35973.96484375,6.539999961853027,53.0535,51.24129562043795,1.0,0.0,0.0,0.0,0.0
19.27199935913086,63.54909896850586,6343.7124,5845.201171875,1.3300000429153442,20.442282,51.54954379562045,0.0,0.0,0.0,0.0,0.0
22.52899932861328,66.2686996459961,38970.594,3257.13623046875,1.8600000143051147,62.44032,25.193649635036493,0.0,0.0,0.0,1.0,0.0
30.808000564575195,77.62329864501953,159654.83,15716.29296875,2.3799999952316284,48.027126,48.40020072992701,0.0,1.0,0.0,0.0,0.0
33.4630012512207,78.78810119628906,145394.48,46137.46875,2.3299999237060547,72.90916,48.542326642335766,1.0,0.0,0.0,0.0,0.0
24.975000381469727,71.48699951171875,12788.335,7048.98974609375,3.7300000190734863,20.2136,46.01752737226278,1.0,0.0,0.0,0.0,0.0
23.972000122070312,68.71520233154297,28979.992,8600.32421875,1.7100000381469729,69.08865,46.14121350364963,1.0,0.0,0.0,0.0,0.0
42.94599914550781,74.87059783935547,519815.16,37611.671875,4.949999809265137,69.4277,35.48866788321168,0.0,1.0,0.0,0.0,0.0
28.106000900268555,78.00289916992188,215842.23,11330.2685546875,2.7300000190734863,42.026745,51.863138686131386,1.0,0.0,0.0,0.0,0.0
21.263999938964844,56.8119010925293,15808.499,2640.285400390625,2.3799999952316284,41.03421,43.89566605839416,0.0,0.0,0.0,0.0,0.0
18.18000030517578,61.934200286865234,1505.5933,1646.05859375,1.590000033378601,69.43534,45.33067518248175,0.0,0.0,0.0,0.0,0.0
26.91699981689453,74.46150207519531,70221.87,12583.833984375,3.5,17.111511,56.77587591240876,0.0,0.0,0.0,0.0,0.0
44.01399993896485,83.40540313720703,550333.0,18068.505859375,2.3799999952316284,62.44032,35.42360401459854,0.0,1.0,0.0,0.0,0.0
42.632999420166016,74.69599914550781,514422.3,47165.3671875,5.710000038146973,66.77875,36.01941605839416,0.0,1.0,0.0,0.0,0.0
38.67599868774414,82.20069885253906,614792.25,128475.28125,3.950000047683716,5.796285,37.25629562043796,0.0,1.0,0.0,0.0,0.0
37.83100128173828,82.10250091552734,135538.2,111693.5,2.3799999952316284,91.18433,33.347536496350365,1.0,0.0,0.0,0.0,0.0
18.718000411987305,63.06769943237305,2262.1287,1657.0496826171875,0.3199999928474426,8.636944,37.57185218978102,0.0,0.0,0.0,0.0,0.0
17.334999084472656,66.03700256347656,4335.124,1634.24658203125,1.2999999523162842,20.847246,38.98188868613139,0.0,0.0,0.0,0.0,0.0
29.57299995422364,75.44419860839844,153617.53,34116.23046875,1.9600000381469729,79.40842,49.19622262773722,1.0,0.0,0.0,0.0,0.0
30.339000701904297,80.7594985961914,356207.4,23034.41015625,4.559999942779541,73.488884,43.27303832116788,1.0,0.0,0.0,0.0,0.0
15.348999977111816,60.034698486328125,1440.494,2916.185302734375,0.25,15.748474,37.48359489051094,0.0,0.0,0.0,0.0,0.0
39.74599838256836,82.24960327148438,237249.95,62700.49609375,4.090000152587891,89.27875,39.901021897810224,0.0,1.0,0.0,0.0,0.0
20.96500015258789,66.72450256347656,406469.78,7209.2666015625,2.3799999952316284,62.44032,43.27303832116788,0.0,0.0,0.0,1.0,0.0
48.23899841308594,80.8364028930664,659167.5,18068.505859375,2.3799999952316284,62.44032,43.27303832116788,0.0,0.0,1.0,0.0,0.0
16.992000579833984,68.28070068359375,13104.115,6482.68994140625,2.3799999952316284,31.597816,36.26499087591241,0.0,0.0,0.0,0.0,0.0
36.51300048828125,73.54450225830078,260395.86,28011.158203125,3.799999952316284,85.26863,34.30613138686131,0.0,0.0,0.0,0.0,0.0
16.697999954223633,75.1272964477539,137667.52,18068.505859375,2.3799999952316284,62.44032,43.27303832116788,0.0,0.0,0.0,0.0,0.0
28.527999877929688,73.97309875488281,59325.41,22039.62890625,1.0099999904632568,63.640446,43.99120437956204,0.0,0.0,1.0,0.0,0.0
22.607999801635746,66.96060180664062,283307.47,3824.15234375,2.3799999952316284,62.44032,43.27303832116788,0.0,0.0,0.0,1.0,0.0
37.47800064086914,71.54650115966797,215941.78,16376.611328125,5.539999961853027,35.492302,41.16257299270073,0.0,1.0,0.0,0.0,0.0
54.97499847412109,85.74639892578125,441103.97,18068.505859375,21.989999771118164,65.8973,36.80067518248176,0.0,1.0,0.0,0.0,0.0
26.617000579833984,71.50489807128906,298725.5,16842.650390625,8.579999923706055,64.53846,42.96206204379562,1.0,0.0,0.0,0.0,0.0
39.08000183105469,75.92140197753906,408818.7,28105.708984375,3.819999933242798,46.346615,43.27303832116788,0.0,1.0,0.0,0.0,0.0
41.3849983215332,76.0376968383789,313449.5,18068.505859375,2.3799999952316284,43.610367,43.27303832116788,0.0,0.0,1.0,0.0,0.0
28.875,75.1613998413086,34265.92,9162.7470703125,0.7300000190734863,63.012527,53.79559306569343,0.0,0.0,0.0,0.0,0.0
16.249000549316406,63.01150131225586,7163.5615,1500.3143310546875,0.7400000095367432,65.31598,43.838777372262776,0.0,0.0,0.0,0.0,0.0
29.2509994506836,66.50579833984375,11968.739,5276.29443359375,1.0700000524520874,66.85257,63.73446167883212,1.0,0.0,0.0,0.0,0.0
20.825000762939453,64.19029998779297,59715.164,10281.3359375,2.3799999952316284,19.067173,35.317226277372264,0.0,0.0,0.0,0.0,0.0
20.57299995422364,61.93040084838867,456183.38,12468.76171875,2.3799999952316284,95.97361,43.27303832116788,0.0,0.0,0.0,1.0,0.0
24.356000900268555,70.08689880371094,33786.08,5046.81591796875,0.5400000214576721,82.35129,51.18641423357664,1.0,0.0,0.0,0.0,0.0
41.4630012512207,81.91210174560547,483538.9,70498.8828125,2.4200000762939453,65.73038,42.89692518248175,0.0,1.0,0.0,0.0,0.0
33.5890007019043,77.69830322265625,279326.44,18068.505859375,2.3799999952316284,64.36666,43.27303832116788,0.0,0.0,0.0,1.0,0.0
37.06800079345703,81.006103515625,519948.53,49316.3984375,2.509999990463257,83.63098,34.68584854014599,0.0,0.0,0.0,1.0,0.0
24.91200065612793,74.46260070800781,2497.2283,7661.60205078125,0.9700000286102296,91.026825,11.33389598540146,0.0,0.0,1.0,0.0,0.0
15.10200023651123,60.39810180664063,378.91153,1803.4368896484373,0.2800000011920929,21.661686,21.35059306569343,0.0,0.0,0.0,0.0,0.0
17.566999435424805,54.07899856567383,1197.5618,7994.2158203125,2.3799999952316284,36.431763,40.78118613138686,0.0,0.0,0.0,0.0,0.0
36.72100067138672,69.81819915771484,592190.9,18068.505859375,2.3799999952316284,88.66595,43.27303832116788,0.0,0.0,0.0,1.0,0.0
35.80500030517578,73.64109802246094,0.0,18068.505859375,12.800000190734863,62.44032,43.27303832116788,1.0,0.0,0.0,0.0,0.0
39.90999984741211,76.64550018310547,191330.34,24203.28515625,4.739999771118164,45.547474,43.27303832116788,0.0,1.0,0.0,0.0,0.0
35.17900085449219,78.53119659423828,325047.2,18068.505859375,2.3799999952316284,62.44032,43.27303832116788,0.0,0.0,0.0,1.0,0.0
39.43600082397461,82.63089752197266,284452.1,91105.25,3.299999952316284,74.42668,35.55030109489051,0.0,1.0,0.0,0.0,0.0
28.972999572753903,77.91059875488281,84446.016,36721.08203125,0.9900000095367432,64.45409,46.28791058394161,1.0,0.0,0.0,0.0,0.0
20.14800071716309,67.41670227050781,6485.9526,5500.32373046875,0.6299999952316284,57.64279,52.25533759124088,1.0,0.0,0.0,0.0,0.0
37.48400115966797,68.92220306396484,358299.6,16425.97265625,2.3799999952316284,62.44032,43.27303832116788,0.0,0.0,0.0,1.0,0.0
19.604999542236328,76.66239929199219,132552.62,3845.5029296875,1.2999999523162842,33.49446,51.668147810218976,1.0,0.0,0.0,0.0,0.0
29.27300071716309,79.3240966796875,237615.42,36394.91796875,1.950000047683716,72.23046,49.97462591240876,0.0,0.0,1.0,0.0,0.0
22.12700080871582,65.27359771728516,4593.079,4288.5283203125,0.6200000047683716,3.1479607,45.19884124087592,0.0,0.0,0.0,1.0,0.0
26.045000076293945,72.31849670410156,108832.68,16296.283203125,1.0399999618530271,52.521175,43.67991788321168,0.0,0.0,0.0,0.0,1.0
29.09600067138672,76.83399963378906,135437.02,15661.75,1.559999942779541,85.76331,53.61492700729927,0.0,0.0,0.0,0.0,1.0
24.86599922180176,69.47229766845703,36622.254,10375.9404296875,0.9700000286102296,68.83203,58.48186131386861,1.0,0.0,0.0,0.0,0.0
31.69799995422364,74.69599914550781,88888.89,18068.505859375,2.3799999952316284,62.44032,43.27303832116788,0.0,0.0,0.0,1.0,0.0
40.86399841308594,77.92289733886719,178286.75,45153.04296875,6.039999961853027,59.15184,39.7922901459854,0.0,1.0,0.0,0.0,0.0
45.805999755859375,81.193603515625,544450.94,42197.203125,3.4800000190734863,85.53044,43.69991788321168,0.0,1.0,0.0,0.0,0.0
45.196998596191406,79.4269027709961,386523.84,44205.75,2.3799999952316284,62.44032,42.5040602189781,0.0,0.0,1.0,0.0,0.0
32.45800018310547,81.85659790039062,177884.2,110889.7890625,1.25,98.60714,52.49036496350365,1.0,0.0,0.0,0.0,0.0
37.06499862670898,81.5,567493.5,18068.505859375,2.3799999952316284,62.44032,43.27303832116788,0.0,0.0,0.0,0.0,0.0
42.39099884033203,75.26139831542969,188035.8,40504.0,7.230000019073486,42.337685,44.32344890510949,0.0,1.0,0.0,0.0,0.0
39.07099914550781,72.51740264892578,171050.19,41704.7109375,6.809999942779541,54.74822,41.21682481751824,0.0,1.0,0.0,0.0,0.0
19.21999931335449,67.52799987792969,9762.93,3264.64453125,0.75,76.182304,53.72778284671533,0.0,0.0,0.0,0.0,0.0
38.70700073242188,84.28050231933594,503014.25,18068.505859375,2.3799999952316284,62.44032,43.27303832116788,0.0,0.0,1.0,0.0,0.0
50.2140007019043,76.73519897460938,403427.1,18068.505859375,2.3799999952316284,65.76643,43.27303832116788,0.0,0.0,0.0,0.0,0.0
34.97100067138672,70.31310272216797,141380.64,30656.44140625,3.9800000190734863,57.776257,43.27303832116788,0.0,0.0,1.0,0.0,0.0
33.316001892089844,72.6698989868164,169211.5,24252.46875,1.090000033378601,30.74544,43.27303832116788,0.0,0.0,1.0,0.0,0.0
38.400001525878906,80.2354965209961,426450.75,18068.505859375,2.3799999952316284,62.44032,43.27303832116788,0.0,0.0,1.0,0.0,0.0
45.98899841308594,76.69869995117188,594791.7,18068.505859375,2.3799999952316284,62.44032,43.27303832116788,0.0,0.0,1.0,0.0,0.0
33.632999420166016,71.19059753417969,94784.59,18714.19921875,3.2100000381469727,30.992622,43.27303832116788,0.0,0.0,1.0,0.0,0.0
20.090999603271484,71.55030059814453,79235.375,7686.24951171875,2.3799999952316284,82.66549,43.27303832116788,0.0,0.0,0.0,1.0,0.0
46.78200149536133,85.70819854736328,741418.25,70951.7890625,3.3499999046325684,69.27857,36.44386861313869,0.0,1.0,0.0,0.0,0.0
18.86899948120117,69.23680114746094,29918.74,5491.29833984375,2.9100000858306885,49.482796,43.27303832116788,0.0,0.0,0.0,0.0,0.0
28.731000900268555,77.30979919433594,26152.598,62792.7734375,2.4100000858306885,79.047905,45.57132299270073,1.0,0.0,0.0,0.0,0.0
18.88800048828125,67.78839874267578,5067.1064,4460.923828125,0.7099999785423279,8.77376,26.638357664233578,0.0,0.0,0.0,0.0,0.0
43.67499923706055,75.47779846191406,378136.3,26900.853515625,5.78000020980835,48.271156,37.32671532846715,0.0,1.0,0.0,0.0,0.0
33.38800048828125,71.24810028076172,413429.12,29241.775390625,2.630000114440918,66.56815,46.04629562043795,0.0,0.0,0.0,0.0,0.0
19.040000915527344,61.27479934692383,964.7438,3098.762939453125,2.3799999952316284,59.949265,42.7331295620438,0.0,0.0,0.0,0.0,0.0
34.87799835205078,82.92109680175781,532073.4,132569.53125,2.809999942779541,92.89906,43.58701642335767,1.0,0.0,0.0,0.0,0.0
41.47999954223633,76.1803970336914,262101.84,47303.1953125,2.3799999952316284,63.498802,43.27303832116788,0.0,0.0,1.0,0.0,0.0
40.90399932861328,77.03559875488281,345300.5,40319.0546875,5.570000171661377,51.00697,38.97985401459854,0.0,1.0,0.0,0.0,0.0
43.49700164794922,80.79329681396484,646225.4,48648.90625,4.110000133514404,57.782104,40.58121350364964,0.0,1.0,0.0,0.0,0.0
20.030000686645508,70.40859985351562,33228.562,2353.248046875,2.3799999952316284,32.56435,36.55576642335767,0.0,0.0,0.0,1.0,0.0
15.371000289916992,53.93149948120117,1535.4545,1409.3349609375,0.8700000047683716,43.06752,29.884972627737227,0.0,0.0,0.0,0.0,0.0
27.91900062561035,65.45359802246094,65298.035,13597.654296875,2.3799999952316284,33.727688,43.85529197080293,0.0,0.0,0.0,0.0,0.0
43.94400024414063,82.72699737548828,667636.06,55070.9375,12.8100004196167,85.64171,40.7510401459854,1.0,0.0,0.0,0.0,0.0
17.59000015258789,57.202598571777344,1712.4308,18068.505859375,2.3799999952316284,38.773117,40.3363594890511,0.0,0.0,0.0,0.0,0.0
44.391998291015625,82.36609649658203,292302.16,48460.29296875,2.9100000858306885,85.17771,44.95896897810219,0.0,1.0,0.0,0.0,0.0
32.56100082397461,77.29959869384766,29464.113,13752.8369140625,3.930000066757202,64.60631,51.21667883211679,1.0,0.0,0.0,0.0,0.0
18.1200008392334,65.69499969482422,1295.8418,1861.39794921875,0.6600000262260437,27.167852,29.44635948905109,0.0,0.0,0.0,0.0,0.0
27.864999771118164,73.25379943847656,132417.69,19179.1015625,2.869999885559082,38.172287,54.247481751824814,0.0,0.0,0.0,0.0,1.0
39.72800064086914,83.0459976196289,265776.88,62978.9375,1.899999976158142,72.40806,36.689361313868616,0.0,1.0,0.0,0.0,0.0
41.96099853515625,83.20030212402344,510905.03,82286.1796875,4.380000114440918,62.44032,36.35805656934306,0.0,1.0,0.0,0.0,0.0
21.58799934387207,72.78980255126953,2556.4316,4454.853515625,1.4299999475479126,10.499275,37.512381386861314,1.0,0.0,0.0,0.0,0.0
42.91699981689453,80.15689849853516,135538.2,18068.505859375,2.3799999952316284,88.783066,29.85567518248175,1.0,0.0,0.0,0.0,0.0
21.742000579833984,71.5624008178711,1746.7689,4755.93310546875,4.039999961853027,50.99001,27.879781021897813,1.0,0.0,0.0,0.0,0.0
17.124000549316406,66.87860107421875,674.60626,3713.262939453125,0.8399999737739563,49.706203,14.956158759124088,0.0,0.0,0.0,0.0,0.0
39.19400024414063,75.29129791259766,75670.77,21740.541015625,2.390000104904175,74.56032,42.96381386861314,1.0,0.0,0.0,0.0,0.0
18.113000869750977,62.289798736572266,4903.4434,2960.775390625,0.3300000131130218,19.260626,43.53297445255475,0.0,0.0,0.0,0.0,0.0
26.55500030517578,76.88700103759766,34602.074,18068.505859375,2.3799999952316284,95.28547,43.27303832116788,0.0,0.0,0.0,1.0,0.0
20.72599983215332,72.63529968261719,161746.92,7030.4189453125,2.3799999952316284,73.66758,45.60529197080293,0.0,0.0,0.0,1.0,0.0
31.69799995422364,74.69599914550781,135538.2,18068.505859375,2.3799999952316284,62.44032,43.27303832116788,0.0,1.0,0.0,0.0,0.0
36.22600173950195,73.33080291748047,128011.94,31960.15625,2.369999885559082,48.061897,52.13927919708029,0.0,0.0,1.0,0.0,0.0
31.74399948120117,76.05049896240234,95167.0,12774.916015625,1.820000052452088,52.823357,49.36921532846715,0.0,0.0,0.0,0.0,0.0
32.071998596191406,77.59130096435547,195325.34,36154.4921875,3.049999952316284,61.081894,42.12536496350365,1.0,0.0,0.0,0.0,0.0
25.93099975585937,69.91329956054688,0.0,18662.298828125,3.5999999046325684,63.19193,48.85249087591241,1.0,0.0,0.0,0.0,0.0
37.86600112915039,77.9176025390625,151191.44,33390.52734375,2.3799999952316284,66.95154,43.27303832116788,0.0,0.0,1.0,0.0,0.0
24.256000518798828,66.85160064697266,293947.25,5812.3994140625,2.3799999952316284,94.93607,43.27303832116788,0.0,0.0,0.0,1.0,0.0
16.33799934387207,67.67469787597656,3640.332,2879.670166015625,2.3799999952316284,27.605951,53.76440693430657,0.0,0.0,0.0,0.0,0.0
41.45100021362305,72.658203125,135339.27,16319.8447265625,6.139999866485596,38.347157,41.49538321167884,0.0,1.0,0.0,0.0,0.0
30.902999877929688,80.48680114746094,104180.94,69701.8046875,1.870000004768372,95.60813,44.23642335766424,1.0,0.0,0.0,0.0,0.0
39.50400161743164,81.07440185546875,368405.34,52621.1796875,2.4200000762939453,74.43005,43.06886861313868,0.0,1.0,0.0,0.0,0.0
37.720001220703125,77.97889709472656,302859.5,75489.265625,2.680000066757202,67.52983,48.40324817518248,0.0,0.0,1.0,0.0,0.0
44.57099914550781,75.0448989868164,293443.22,46479.30078125,2.3799999952316284,62.44032,37.45260948905109,0.0,0.0,1.0,0.0,0.0
35.49599838256836,76.46820068359375,307660.8,32038.7734375,2.440000057220459,85.616646,37.462892335766426,0.0,0.0,0.0,0.0,1.0
26.836000442504883,72.14649963378906,5013.2583,10450.205078125,4.889999866485596,52.81149,38.66305656934306,1.0,0.0,0.0,0.0,0.0
20.121000289916992,71.30159759521484,38391.88,3172.047607421875,2.3799999952316284,51.82696,29.245483576642336,0.0,0.0,0.0,1.0,0.0
59.875,83.33540344238281,50682.26,18068.505859375,2.3799999952316284,62.44032,43.27303832116788,0.0,1.0,0.0,0.0,0.0
28.809999465942383,72.56559753417969,19591.844,18068.505859375,0.9900000095367432,53.048817,55.20144160583941,0.0,0.0,0.0,0.0,1.0
31.9379997253418,74.50250244140625,116612.4,14415.2158203125,2.5199999809265137,86.23695,54.68280109489051,1.0,0.0,0.0,0.0,0.0
36.5989990234375,78.50050354003906,326928.1,18068.505859375,2.3799999952316284,59.15138,43.27303832116788,0.0,0.0,0.0,1.0,0.0
31.69799995422364,71.14320373535156,135538.2,18068.505859375,2.3799999952316284,62.44032,43.27303832116788,0.0,0.0,0.0,0.0,0.0
18.11800003051757,67.95169830322266,312.5092,18068.505859375,0.4600000083446502,2.1114502,25.444096715328467,1.0,0.0,0.0,0.0,0.0
17.288000106811523,65.27909851074219,17361.838,3708.069091796875,2.3799999952316284,45.719406,31.79153284671533,0.0,0.0,0.0,0.0,0.0
17.683000564575195,62.36009979248047,16580.682,5215.2529296875,1.950000047683716,35.236153,53.75140510948905,0.0,0.0,0.0,0.0,0.0
