country,continent,total_deaths_per_million,median_age,life_expectancy,gdp_per_capita,hospital_beds_per_thousand,health_expenditure_per_capita,health_expenditure_pct_gdp,people_fully_vaccinated_per_hundred,total_boosters_per_hundred,population_density,diabetes_prevalence,total_cases_per_million,stringency_index
Afghanistan,Asia,197.09776,16.75200080871582,65.61699676513672,1983.8126220703125,0.3499999940395355,81.52112579,21.50844383,45.270844,6.727495,61.3286907992579,11.699999809265137,5796.4683,27.3945802919708
Albania,Europe,1275.9874,35.94300079345703,78.768798828125,21641.07421875,2.900000095367432,465.57043457,7.35750389,45.24426,14.230054,90.8672262773723,10.600000381469728,119264.51,41.78210766423358
Algeria,Africa,151.30595,27.982999801635746,76.12889862060547,15501.919921875,1.6100000143051147,208.93911743,5.02188873,14.251447,1.2657961,18.7934447084904,17.5,5990.669,48.36772810218978
American Samoa,Oceania,702.9877,27.927000045776367,72.7520980834961,,,,,,,246.125,,172831.6,
Andorra,Europe,1994.4307,42.83200073242188,84.01640319824219,65928.3046875,,3668.44750977,8.64671707,67.10946,54.026493,166.731914893617,10.100000381469728,602280.44,33.4867700729927
Angola,Africa,54.35663,16.389999389648438,64.24549865722656,8901.8876953125,0.75,66.94487,2.73987103,26.965265,8.606956,27.6990687414775,4.900000095367432,3016.3298,51.621733576642335
Anguilla,North America,844.9514,37.77299880981445,79.11940002441406,,,,,73.10238,23.299536,,,274890.88,
Antigua and Barbuda,North America,1572.4286,35.071998596191406,77.4832992553711,29371.638671875,3.4200000762939453,835.06512451,4.81315422,67.187935,10.595584,209.884090909091,11.600000381469728,98072.16,
Argentina,South America,2881.5688,31.73900032043457,75.80609893798828,26771.96484375,3.359999895095825,1182.15930176,11.00910187,76.860214,83.05403,16.5573305708721,14.0,222854.31,52.42909671532847
Armenia,Asia,3049.4155,35.814998626708984,74.63330078125,20078.78515625,4.239999771118164,595.83544922,12.32268524,35.779274,2.8239288,105.056940272915,7.699999809265137,157903.14,
Aruba,North America,2708.921,40.766998291015625,76.22579956054688,44558.9296875,,,,78.26926,,598.333333333333,4.599999904632568,410271.62,38.25028284671533
Australia,Oceania,963.1698,37.512001037597656,82.76619720458984,60303.98046875,3.819999933242798,7092.13476563,10.51612186,82.62102,75.53329,3.33922844714392,7.400000095367432,452699.0,47.19702554744526
Austria,Europe,2485.9128,42.83200073242188,81.2958984375,63788.078125,6.699999809265137,6554.14257813,12.185215,73.72863,59.637707,108.528805138148,5.400000095367432,671153.44,49.143120437956206
Azerbaijan,Asia,1005.6038,32.0620002746582,74.125,22072.1484375,3.680000066757202,250.9887085,4.68526697,47.230198,32.660057,122.658802177858,10.199999809265137,81251.586,59.99155109489052
Bahamas,North America,2135.6233,34.23400115966797,74.49109649658203,36244.05078125,2.1700000762939453,1946.21960449,6.78537178,42.0011,9.2983885,39.5977022977023,8.899999618530273,98422.305,52.295
Bahrain,Asia,1001.6564,31.683000564575195,80.99210357666016,58891.83203125,1.840000033378601,1176.92102051,4.32771444,80.00182,65.77694,1904.25949367089,22.100000381469727,454275.94,37.79302919708029
Bangladesh,Asia,174.34259,24.989999771118164,74.26470184326172,8486.78515625,0.9200000166893004,56.09640121,2.26678729,83.95181,40.508484,1287.99918568026,13.199999809265137,12116.075,49.97339416058394
Barbados,North America,2100.4236,38.652000427246094,75.67610168457031,21837.724609375,6.400000095367432,1391.49853516,7.4427762,54.91811,22.260948,656.155813953488,13.199999809265137,386584.22,47.84323905109489
Belarus,Europe,775.95264,40.19200134277344,74.36119842529297,29040.97265625,9.770000457763672,484.03930664,6.56549978,69.931625,62.403503,45.8368317319537,5.099999904632568,108369.78,23.35875912408759
Belgium,Europe,2949.6262,41.1510009765625,81.15889739990234,63347.78515625,5.420000076293945,5847.17333984,11.28825092,78.77591,116.44681,379.949990161999,5.900000095367432,421601.22,39.04728102189781
Belize,North America,1708.294,25.520999908447266,72.19039916992188,12621.408203125,1.0,308.93920898,5.04598379,54.992664,13.208985,17.3321350284963,14.100000381469728,177516.08,48.01630474452555
Benin,Africa,11.8463545,17.645999908447266,60.47510147094727,3901.325927734375,0.4300000071525574,38.45053101,2.91589761,19.934122,0.0,118.955454061724,8.100000381469727,2037.573,32.174443430656936
Bermuda,North America,2547.397,44.70299911499024,82.06159973144531,109311.9375,,,,73.576546,55.318657,1197.18518518519,13.399999618530272,291175.2,39.40254562043796
Bhutan,Asia,26.891325,28.809999465942383,72.75399780273438,14610.2958984375,2.1600000858306885,161.46617126,4.78581429,86.778175,81.26827,20.3314630309386,12.0,80615.07,50.683649635036495
Bolivia,South America,1853.8304,24.39200019836425,67.43419647216797,11329.1513671875,1.4900000095367432,276.20880127,8.16016769,51.01023,17.947844,11.0194405981723,3.400000095367432,100370.07,42.2929197080292
Bonaire Sint Eustatius and Saba,North America,1430.8647,39.77299880981445,78.15450286865234,,,,,58.407204,,,,416067.56,
Bosnia and Herzegovina,Europe,5123.2495,44.55899810791016,76.7771987915039,20527.693359375,2.3499999046325684,697.07427979,9.55514336,26.400383,3.7609189,63.37708984375,10.300000190734863,126151.01,38.6827098540146
Botswana,Africa,1148.0002,22.60400009155273,68.74870300292969,18068.505859375,2.359999895095825,492.14276123,6.30315065,68.17876,20.935696,4.23736347114146,4.599999904632568,135538.2,36.4909306569343
Brazil,South America,3347.3113,33.50600051879883,74.87190246582031,19652.365234375,2.5199999809265137,768.27075195,9.63646507,83.76549,60.097355,25.0714027283582,10.600000381469728,180805.06,48.54258211678832
British Virgin Islands,North America,1669.0137,37.119998931884766,77.177001953125,,,,,47.621655,9.716789,252.06,,199786.16,
Brunei,Asia,399.67148,31.275999069213867,72.91709899902344,79071.734375,3.5799999237060547,665.87030029,2.14748693,98.09827,74.766235,85.715559772296,13.699999809265137,769806.8,39.496021897810216
Bulgaria,Europe,5681.0405,44.15399932861328,74.0342025756836,34221.53125,8.199999809265137,1109.10290527,8.58048916,30.443129,11.257626,59.9419767870302,7.400000095367432,196472.47,36.167572992700734
Burkina Faso,Africa,17.77064,17.041000366210938,60.70000076293945,2547.67236328125,0.2000000029802322,63.59171295,7.08691931,23.245539,0.018019428,80.3919700292398,4.5,987.6477,20.494908759124087
Burundi,Africa,1.126033,15.67199993133545,62.88190078735352,1051.25927734375,0.6899999976158142,23.11420059,8.94190311,0.27265763,0.0023571623,504.886331775701,4.300000190734863,4096.433,15.849945255474454
Cambodia,Asia,177.65665,25.59600067138672,70.52799987792969,7008.88916015625,0.7300000190734863,137.38909912,6.33888054,85.417465,62.683903,96.160803308407,7.5,8099.5386,45.121569343065694
Cameroon,Africa,71.43692,17.62299919128418,62.44279861450195,4916.93359375,2.650000095367432,72.59731293,4.34109783,11.570632,2.9079967,56.9392608576083,6.900000095367432,4535.376,31.54181569343066
Canada,North America,1424.0135,40.25299835205078,81.24929809570312,56706.82421875,2.539999961853028,6511.46972656,12.38106632,81.80634,89.87417,4.351026204103,7.699999809265137,124134.44,50.31122262773722
Cape Verde,Africa,802.3088,27.32200050354004,75.90679931640625,9848.953125,2.2100000381469727,262.42272949,6.60773611,59.39779,0.14410774,128.200744416873,6.800000190734863,124194.32,48.15736313868613
Cayman Islands,North America,516.6876,37.499000549316406,79.98410034179688,79675.859375,,,,84.75911,33.604244,292.116666666667,11.100000381469728,439491.7,
Central African Republic,Africa,22.16539,14.29800033569336,18.817699432373047,1111.2193603515625,1.0,46.25038147,9.15097523,48.74395,7.1835675,8.20588140871296,7.599999904632568,3039.0122,23.903476277372263
Chad,Africa,10.511874,15.10200023651123,54.52750015258789,2412.865966796875,0.1500000059604644,37.59156799,3.9722333,27.202782,21.90465,14.1584124841169,7.300000190734863,417.33228,36.31362226277373
Chile,South America,3298.5676,35.5260009765625,79.17620086669922,30182.787109375,1.940000057220459,1576.69287109,9.72450161,90.523636,140.51492,26.192118041714,12.199999809265137,276710.22,51.38692518248176
China,Asia,85.882515,38.53400039672852,78.20210266113281,23845.619140625,5.630000114440918,670.25897217,5.25590324,90.12756,58.523163,150.439753691066,11.899999618530272,69732.8,73.31321167883212
Colombia,South America,2760.2952,31.18099975585937,76.50810241699219,18477.21484375,1.7000000476837158,568.84130859,9.14150524,71.90879,28.884434,46.1362532672375,8.399999618530273,123764.08,50.66514598540146
Comoros,Africa,193.00136,20.10199928283692,66.48059844970703,3482.534912109375,,100.50016785,6.46315002,47.60061,0.0,439.642127888232,10.800000190734863,10919.562,
Congo,Africa,64.45622,18.20199966430664,65.00029754638672,6181.470703125,,78.60149384,3.46133351,10.838571,0.0,17.2538301610542,8.100000381469727,4181.2036,43.53104927007299
Cook Islands,Oceania,135.6208,34.10900115966797,75.07869720458984,,,,,99.87116,69.43785,,,500101.72,
Costa Rica,North America,1848.9642,33.5359992980957,79.31639862060547,26973.435546875,1.1399999856948853,977.14831543,7.61130476,85.98951,58.769493,99.0988640814728,9.800000190734863,244547.77,43.3070802919708
Cote d'Ivoire,Africa,,17.992000579833984,61.562198638916016,6747.0380859375,,92.39588928,3.76207662,40.020737,10.326407,93.2067169811321,5.0,,24.87639598540146
Croatia,Europe,4813.1177,44.61100006103516,78.27790069580078,42829.19921875,5.599999904632568,1423.52905273,8.08265686,57.63479,25.495012,69.3170300214439,10.5,351078.1,33.40400547445255
Cuba,North America,771.26013,41.505001068115234,77.62909698486328,,4.329999923706055,,13.78746605,90.90253,79.501434,107.149980732177,9.399999618530272,100709.94,48.01255474452555
Curacao,North America,1645.5355,37.95399856567383,76.72869873046875,28762.05859375,,,,54.42946,26.55139,346.72972972973,13.399999618530272,247547.88,
Cyprus,Europe,1450.4836,37.3390007019043,80.43370056152344,52635.58203125,2.150000095367432,2947.81494141,8.87445068,69.774,55.299793,142.565909090909,10.0,764467.6,45.09606751824818
Czechia,Europe,4116.004,42.64500045776367,79.16480255126953,47963.8984375,6.539999961853027,2538.03344727,9.15420723,64.60811,52.293404,136.108349053848,7.599999904632568,457906.6,39.48719890510949
Democratic Republic of Congo,Africa,14.394957,15.765999794006348,60.97890090942383,1602.074951171875,,21.58848572,3.86727977,14.062447,0.0,43.7347795593392,7.699999809265137,986.45496,37.43197080291971
Denmark,Europe,1696.1152,41.21599960327149,81.29060363769531,71431.2890625,2.430000066757202,7429.99023438,10.65575886,79.82519,61.27506,146.418325,6.400000095367432,585081.8,35.377308394160586
Djibouti,Africa,166.21214,24.084999084472656,65.54019927978516,6871.12451171875,1.399999976158142,86.88237762,2.87128091,35.28341,0.0,48.3713546160483,6.5,13798.247,39.84058394160584
Dominica,North America,1107.0055,35.29499816894531,71.08059692382812,18739.36328125,3.9700000286102295,521.41455078,6.31142521,45.864437,5.973342,89.6026666666667,12.899999618530272,240055.66,39.84109489051095
Dominican Republic,North America,390.3574,27.316999435424805,74.21080017089844,24229.888671875,0.75,433.89172363,5.08839989,54.586662,22.929419,230.786990834893,17.600000381469727,58865.52,45.041660583941606
East Timor,Asia,100.781494,20.63999938964844,67.36840057373047,3890.95751953125,0.3799999952316284,132.07870483,4.9192977,58.552513,24.844902,90.7961667787492,3.200000047683716,17132.854,36.23715328467153
Ecuador,South America,2023.3507,27.975000381469727,76.57669830322266,13935.5390625,1.3200000524520874,507.65136719,8.37526226,79.94636,59.217827,71.1968674504751,4.900000095367432,60715.78,47.73926094890511
Egypt,Africa,220.47935,23.8129997253418,71.00969696044922,16798.15234375,1.059999942779541,176.93664551,4.60955143,37.59353,13.512332,111.464169973379,22.39999961853028,4582.0547,43.27303832116788
El Salvador,North America,673.53296,26.51000022888184,71.96949768066406,11669.08203125,1.2100000381469729,470.14025879,10.12668991,70.025406,36.49963,301.919980694981,12.699999809265137,32174.496,41.40949817518248
Equatorial Guinea,Africa,101.466606,21.016000747680664,63.35449981689453,15454.4287109375,,243.81242371,3.5103004,11.867269,0.25488633,62.7018181818182,8.199999809265137,9497.939,
Eritrea,Africa,30.210152,18.405000686645508,67.78919982910156,,1.0199999809265137,27.58759499,4.17839003,,,27.6467466920618,4.400000095367432,2988.4585,61.98833029197081
Estonia,Europe,2549.454,41.625,78.16739654541016,41189.66796875,4.130000114440918,2091.15649414,7.47591066,63.90219,48.838562,31.1329122807018,6.900000095367432,457624.78,32.01828467153285
Eswatini,Africa,1170.7075,21.76799964904785,63.02830123901367,10380.396484375,2.0199999809265137,297.72213745,7.40552139,35.058464,14.722037,70.1507558139535,7.900000095367432,61821.89,48.58365875912409
Ethiopia,Africa,60.406296,18.527999877929688,66.89710235595703,2892.22216796875,0.3300000131130218,26.06931114,3.20779967,34.815372,4.7677984,108.230378298522,4.400000095367432,3998.4197,45.03737226277372
Falkland Islands,South America,0.0,40.935001373291016,79.0447998046875,,,,,50.497868,,,,547083.94,
Faroe Islands,Europe,518.1443,37.53799819946289,79.26370239257812,72059.578125,,,,75.67683,39.386368,38.8985401459854,5.300000190734863,641351.6,27.565136861313867
Fiji,Oceania,962.555,27.475000381469727,67.14810180664062,13592.4638671875,1.8899999856948853,331.58413696,7.06084681,69.73836,18.712286,50.1757525998905,16.600000381469727,75097.78,54.02374087591241
Finland,Europe,2058.7866,42.5260009765625,81.24349975585938,56123.1484375,2.609999895095825,5261.90966797,9.90969753,78.054924,80.00501,18.2301659134121,6.900000095367432,272657.97,32.519306569343065
France,Europe,2616.8914,41.56700134277344,82.47530364990234,54799.34765625,5.650000095367432,5364.89746094,12.24894238,80.257324,71.978584,125.879601076167,6.5,607685.44,42.27250912408759
French Guiana,South America,1384.4241,25.23500061035156,76.79419708251953,,,,,,,,,328644.84,
French Polynesia,Oceania,2318.216,34.15999984741211,83.8593978881836,,,,,66.62304,40.029175,80.6084701815039,22.799999237060547,283360.9,
Gabon,Africa,126.29847,21.475000381469727,67.71299743652344,18923.662109375,1.950000047683716,228.46922302,2.79254127,10.592245,0.10663375,9.22389878526798,8.5,20186.773,47.46268248175183
Gambia,Africa,141.09766,17.985000610351562,64.85900115966797,3057.68408203125,1.1100000143051147,29.77283478,3.74321485,20.451042,2.038368,254.546442687747,5.5,4789.355,32.8836496350365
Georgia,Asia,4519.6274,36.63399887084961,74.14089965820312,24883.908203125,4.039999961853027,524.32415771,10.53835487,33.62968,2.129714,64.8834808775675,6.699999809265137,491289.62,43.51702554744526
Germany,Europe,2080.9473,45.02399826049805,80.57959747314453,62554.5546875,7.550000190734863,6653.58349609,12.72403336,75.596375,77.053566,238.118085806692,7.800000190734863,457125.44,44.04211678832117
Ghana,Africa,44.133858,20.73600006103516,65.24600219726562,7055.625,0.6899999976158142,94.40388489,3.86030865,32.519695,14.498159,142.918455784436,2.700000047683716,5214.1,42.581414233576645
Gibraltar,Europe,3002.8435,38.948001861572266,83.5167007446289,,,,,110.18841,130.66354,3685.8,,546092.3,
Greece,Europe,3865.8413,45.39099884033203,79.94409942626953,37474.28125,4.269999980926514,1846.37304688,9.03178692,73.44144,71.66346,82.0025601241272,8.0,563396.94,52.54457116788321
Greenland,North America,374.90628,33.92399978637695,70.0519027709961,71037.5390625,,,,68.75246,,0.138026556218784,4.300000190734863,213714.42,30.740702554744523
Grenada,North America,2035.4407,32.88600158691406,75.15080261230469,17751.509765625,3.009999990463257,508.09500122,5.27963448,33.38294,6.3380885,343.2,11.300000190734863,168419.88,
Guadeloupe,North America,2654.0022,45.86299896240234,80.90540313720703,,,,,,,,,528292.0,
Guam,Oceania,2536.427,30.979999542236328,77.10150146484375,,,,,,,303.203703703704,20.299999237060547,316520.7,43.72554744525547
Guatemala,North America,1132.0674,22.24399948120117,71.2063980102539,12640.8876953125,0.449999988079071,361.51858521,7.35698891,39.953743,24.104692,164.227790220231,13.199999809265137,70342.766,53.45754562043796
Guernsey,Europe,1050.9803,43.880001068115234,83.10800170898438,,,,,82.68235,108.76706,,,554133.3,
Guinea,Africa,33.297436,17.836000442504883,60.43159866333008,4016.341796875,0.3000000119209289,44.10476303,3.7175858,41.650185,3.026495,55.7973018069347,4.599999904632568,2745.9001,52.760620437956206
Guinea-Bissau,Africa,84.06415,18.732999801635746,63.60449981689453,2744.27978515625,,70.21189117,8.39794922,26.0094,3.6265843,73.2162517780939,4.800000190734863,4566.0605,
Guyana,South America,1596.8103,25.304000854492188,69.88849639892578,70516.71875,3.240000009536743,457.86633301,4.64326477,46.797615,10.08522,3.86228095102775,16.399999618530273,91913.96,52.199142335766425
Haiti,North America,74.759186,23.25,63.94829940795898,2809.645263671875,4.900000095367432,59.89406204,3.57739854,3.1845589,,412.720827285922,8.5,3033.919,44.14991788321168
Honduras,North America,1062.1299,23.20599937438965,72.71510314941406,6585.85546875,0.5299999713897705,253.63349915,9.27311516,55.94186,46.562984,91.9642237912235,5.0,45207.133,62.847700729927006
Hong Kong,Asia,,45.59099960327149,83.48529815673828,66153.9765625,,,,91.124664,97.63102,7060.09523809524,8.199999809265137,,58.07604927007299
Hungary,Europe,5072.536,42.99300003051758,76.21179962158203,40686.93359375,6.630000114440918,1392.97460938,7.33524847,64.090385,44.420666,105.532895025203,8.300000190734863,231392.38,36.542892335766425
Iceland,Europe,489.00012,35.74700164794922,81.58769989013672,67310.0546875,2.8299999237060547,6722.421875,9.72073746,78.32783,75.62466,3.69453535654071,6.900000095367432,555491.0,30.61391423357664
India,Asia,374.51965,27.68400001525879,71.69840240478516,9818.04296875,1.590000033378601,75.54971313,3.34680939,66.78652,15.955859,475.652042419085,10.5,31609.014,57.86519160583941
Indonesia,Asia,581.20966,29.56100082397461,70.92459869384766,14470.4375,1.3700000047683716,158.89761353,3.70634937,62.749634,24.87398,146.235107708626,11.300000190734863,24496.148,54.45875
Iran,Asia,1640.1925,32.340999603271484,76.79930114746094,17484.1328125,1.850000023841858,196.66934204,4.85886621,65.44067,35.021,54.518020338983,9.0,85204.44,59.33673357664233
Iraq,Asia,575.78125,20.093000411987305,72.03710174560547,12725.04296875,1.059999942779541,251.59538269,5.14179993,18.0274,0.62463474,99.2127035680556,13.399999618530272,55945.402,58.38047445255474
Ireland,Europe,1913.693,37.99700164794922,82.05049896240234,119037.734375,2.9600000381469727,6754.07519531,6.44113493,79.5611,62.85232,74.1847147626651,3.5999999046325684,343286.28,42.54294708029197
Isle of Man,Europe,1378.5236,45.47600173950195,80.95610046386719,,,,,79.74759,63.374054,147.554385964912,7.5,451680.38,
Israel,Asia,1395.8915,29.086000442504883,82.81449890136719,47338.84375,3.140000104904175,4294.18847656,7.83961058,70.14864,63.3441,433.059149722736,10.100000381469728,531871.56,43.283403284671536
Italy,Europe,3329.8555,47.11600112915039,82.052001953125,53265.00390625,3.059999942779541,3414.57299805,9.28164482,83.00122,80.117546,199.965416259464,7.699999809265137,452370.3,52.284242700729926
Jamaica,North America,1279.9606,31.152999877929688,71.48090362548828,11340.263671875,1.649999976158142,413.36227417,8.00261688,26.796753,1.6224927,262.020498614958,12.5,55533.523,53.979808394160585
Japan,Asia,597.56354,48.54800033569336,84.0541000366211,46106.921875,12.59000015258789,4843.94433594,12.08108234,82.76578,140.53253,344.80546776406,8.100000381469727,270433.8,40.35818430656934
Jersey,Europe,1555.6608,42.867000579833984,79.72570037841797,,,,,79.11839,71.17583,,,641502.3,
Jordan,Asia,1254.5897,23.94300079345703,77.08799743652344,9520.2509765625,1.409999966621399,322.01589966,7.69733906,40.495773,6.0607204,124.629547041467,20.5,155202.14,41.26021897810219
Kazakhstan,Asia,951.9526,29.347999572753903,73.50279998779297,35973.96484375,6.539999961853027,391.81536865,3.98701859,53.0535,12.548638,7.31325813979331,6.800000190734863,75088.555,51.24129562043795
Kenya,Africa,104.86161,19.27199935913086,63.54909896850586,5845.201171875,1.3300000429153442,94.20249176,4.56992722,20.442282,3.6876411,91.6187594501618,3.0999999046325684,6343.7124,51.54954379562045
Kiribati,Oceania,183.932,22.52899932861328,66.2686996459961,3257.13623046875,1.8600000143051147,263.09573364,11.83228588,62.44032,28.820612,158.49012345679,24.600000381469727,38970.594,25.193649635036493
Kosovo,Europe,1869.6703,30.808000564575195,77.62329864501953,15716.29296875,,,,48.027126,6.1413894,,10.399999618530272,159654.83,48.40020072992701
Kuwait,Asia,559.97217,33.4630012512207,78.78810119628906,46137.46875,2.3299999237060547,1829.13134766,5.37273169,72.90916,31.7582,244.717452300786,25.600000381469727,145394.48,48.542326642335766
Kyrgyzstan,Asia,147.21544,24.975000381469727,71.48699951171875,7048.98974609375,3.7300000190734863,72.58779144,5.35275602,20.2136,,35.7206673618352,7.599999904632568,12788.335,46.01752737226278
Laos,Asia,88.768265,23.972000122070312,68.71520233154297,8600.32421875,1.7100000381469729,68.61697388,2.74392009,69.08865,,32.2928682842288,6.699999809265137,28979.992,46.14121350364963
Latvia,Europe,4114.7036,42.94599914550781,74.87059783935547,37611.671875,4.949999809265137,1897.95275879,9.4105072,69.4277,29.286747,30.2826610959344,7.099999904632568,519815.16,35.48866788321168
Lebanon,Asia,1905.6515,28.106000900268555,78.00289916992188,11330.2685546875,2.7300000190734863,189.8581543,4.40006208,42.026745,11.493601,558.956207233627,12.300000190734863,215842.23,51.863138686131386
Lesotho,Africa,310.13354,21.263999938964844,56.8119010925293,2640.285400390625,,115.81448364,10.66165733,41.03421,7.7780967,74.4908432147563,6.199999809265137,15808.499,43.89566605839416
Liberia,Africa,54.71501,18.18000030517578,61.934200286865234,1646.05859375,1.590000033378601,88.54867554,13.27175999,69.43534,0.036979157,54.60260589701,9.199999809265137,1505.5933,45.33067518248175
Libya,Africa,891.0818,26.91699981689453,74.46150207519531,12583.833984375,3.5,298.84338379,6.05457449,17.111511,2.5849123,4.05513656978528,15.800000190734863,70221.87,56.77587591240876
Liechtenstein,Europe,2262.4434,44.01399993896485,83.40540313720703,,,10912.36132813,5.38460207,,56.14673,244.8875,7.199999809265137,550333.0,35.42360401459854
Lithuania,Europe,3525.478,42.632999420166016,74.69599914550781,47165.3671875,5.710000038146973,1844.33154297,7.73210812,66.77875,33.67579,44.8551349624661,7.5,514422.3,36.01941605839416
Luxembourg,Europe,1530.6552,38.67599868774414,82.20069885253906,128475.28125,3.950000047683716,7632.57275391,5.60806084,5.796285,70.27529,248.62068161867,5.800000190734863,614792.25,37.25629562043796
Macao,Asia,,37.83100128173828,82.10250091552734,111693.5,,,,91.18433,68.291214,20681.8181818182,8.100000381469727,,33.347536496350365
Madagascar,Africa,46.91618,18.718000411987305,63.06769943237305,1657.0496826171875,0.3199999928474426,17.17938805,3.55335546,8.636944,0.55585486,51.0331436919904,4.599999904632568,2262.1287,37.57185218978102
Malawi,Africa,130.58656,17.334999084472656,66.03700256347656,1634.24658203125,1.2999999523162842,46.41017532,7.5164628,20.847246,5.993705,212.635320322444,5.699999809265137,4335.124,38.98188868613139
Malaysia,Asia,1076.5375,29.57299995422364,75.44419860839844,34116.23046875,1.9600000381469729,476.94366455,4.37438345,79.40842,49.533237,104.344541165728,21.100000381469727,153617.53,49.19622262773722
Maldives,Asia,602.92,30.339000701904297,80.7594985961914,23034.41015625,4.559999942779541,901.09185791,8.85169506,73.488884,31.918316,1720.51333333333,9.5,356207.4,
Mali,Africa,32.20264,15.348999977111816,60.034698486328125,2916.185302734375,0.25,30.55883217,3.54318666,15.748474,0.0,18.348478515641,4.800000190734863,1440.494,37.48359489051094
Malta,Europe,2135.5789,39.74599838256836,82.24960327148438,62700.49609375,4.090000152587891,3641.03833008,9.52782059,89.27875,93.27179,1619.21875,10.0,237249.95,39.901021897810224
Marshall Islands,Oceania,424.0036,20.96500015258789,66.72450256347656,7209.2666015625,,782.16351318,12.49257088,,,229.816666666667,25.700000762939453,406469.78,
Martinique,North America,3159.1418,48.23899841308594,80.8364028930664,,,,,,,,,659167.5,
Mauritania,Africa,204.48581,16.992000579833984,68.28070068359375,6482.68994140625,,73.6309433,3.78022528,31.597816,7.8745904,4.59384301930727,5.199999809265137,13104.115,36.26499087591241
Mauritius,Africa,841.60443,36.51300048828125,73.54450225830078,28011.158203125,3.799999952316284,593.77947998,6.6160841,85.26863,51.288265,634.118177265899,20.100000381469727,260395.86,34.30613138686131
Mayotte,Africa,612.55444,16.697999954223633,75.1272964477539,,,,,,,,,137667.52,
Mexico,North America,2605.5352,28.527999877929688,73.97309875488281,22039.62890625,1.0099999904632568,606.13415527,5.87678003,63.640446,44.32989,65.664316469045,16.399999618530273,59325.41,43.99120437956204
Micronesia (country),Oceania,579.72565,22.607999801635746,66.96060180664062,3824.15234375,,399.43988037,11.37430477,,,159.462857142857,19.200000762939453,283307.47,
Moldova,Europe,4042.7817,37.47800064086914,71.54650115966797,16376.611328125,5.539999961853027,403.87823486,7.7490406,35.492302,13.356049,90.3612977338393,6.300000190734863,215941.78,41.16257299270073
Monaco,Europe,1720.154,54.97499847412109,85.74639892578125,,21.989999771118164,8225.38769531,3.67494631,65.8973,45.56354,18487.0441458733,6.900000095367432,441103.97,36.80067518248176
Mongolia,Asia,630.83,26.617000579833984,71.50489807128906,16842.650390625,8.579999923706055,330.03753662,7.21042728,64.53846,31.270948,2.17253662423347,10.300000190734863,298725.5,42.96206204379562
Montenegro,Europe,4317.9116,39.08000183105469,75.92140197753906,28105.708984375,3.819999933242798,1024.2565918,10.55253506,46.346615,16.51658,46.4723420074349,10.699999809265137,408818.7,
Montserrat,North America,1787.31,41.3849983215332,76.0376968383789,,,,,43.610367,12.578195,,,313449.5,
Morocco,Africa,436.791,28.875,75.1613998413086,9162.7470703125,0.7300000190734863,209.57344055,5.45314503,63.012527,18.553833,82.8017969975353,11.899999618530272,34265.92,53.79559306569343
Mozambique,Africa,68.960785,16.249000549316406,63.01150131225586,1500.3143310546875,0.7400000095367432,44.09894943,8.64841366,65.31598,7.1152153,40.3212187492052,3.0,7163.5615,43.838777372262776
Myanmar,Asia,362.63324,29.2509994506836,66.50579833984375,5276.29443359375,1.0700000524520874,96.86240387,5.53530645,66.85257,29.740208,81.7980020531049,6.699999809265137,11968.739,63.73446167883212
Namibia,Africa,1422.3087,20.825000762939453,64.19029998779297,10281.3359375,,449.95172119,10.19644737,19.067173,10.331983,3.41380072635402,5.300000190734863,59715.164,35.317226277372264
Nauru,Oceania,84.58806,20.57299995422364,61.93040084838867,12468.76171875,,1636.45788574,10.85399055,95.97361,65.175095,585.45,21.799999237060547,456183.38,
Nepal,Asia,404.97473,24.356000900268555,70.08689880371094,5046.81591796875,0.5400000214576721,69.1880188,5.53498316,82.35129,34.57257,205.61569584932,7.699999809265137,33786.08,51.18641423357664
Netherlands,Europe,1283.817,41.4630012512207,81.91210174560547,70498.8828125,2.4200000762939453,6718.88964844,11.13498974,65.73038,52.594612,520.731927531928,5.0,483538.9,42.89692518248175
New Caledonia,Oceania,1093.5813,33.5890007019043,77.69830322265625,,,,,64.36666,36.05022,15.6025164113786,22.0,279326.44,
New Zealand,Oceania,884.302,37.06800079345703,81.006103515625,49316.3984375,2.509999990463257,4749.04199219,9.55072403,83.63098,96.050804,19.3103186358285,6.699999809265137,519948.53,34.68584854014599
Nicaragua,North America,36.40058,24.91200065612793,74.46260070800781,7661.60205078125,0.9700000286102296,204.21273804,9.54984856,91.026825,42.97543,55.2163952135616,10.399999618530272,2497.2283,11.33389598540146
Niger,Africa,12.444701,15.10200023651123,60.39810180664063,1803.4368896484373,0.2800000011920929,35.39406204,5.81452751,21.661686,0.0,19.3432857030078,4.099999904632568,378.91153,21.35059306569343
Nigeria,Africa,14.138414,17.566999435424805,54.07899856567383,7994.2158203125,,81.87322235,4.07625723,36.431763,7.540509,239.939047179859,3.0,1197.5618,40.78118613138686
Niue,Oceania,0.0,36.72100067138672,69.81819915771484,,,,,88.66595,66.43167,,,592190.9,
North Korea,Asia,0.0,35.80500030517578,73.64109802246094,,12.800000190734863,,,,,217.860094676522,9.899999618530272,0.0,
North Macedonia,Europe,5429.195,39.90999984741211,76.64550018310547,24203.28515625,4.739999771118164,636.65447998,8.41851234,45.547474,8.783276,72.8435368754956,7.400000095367432,191330.34,
Northern Mariana Islands,Oceania,889.3516,35.17900085449219,78.53119659423828,,,,,,,102.128260869565,,325047.2,
Norway,Europe,1050.4332,39.43600082397461,82.63089752197266,91105.25,3.299999952316284,9163.13867188,9.8142643,74.42668,68.60874,14.8470090866665,4.800000190734863,284452.1,35.55030109489051
Oman,Asia,978.3881,28.972999572753903,77.91059875488281,36721.08203125,0.9900000095367432,843.01953125,4.34468651,64.45409,16.486708,14.5409499192246,17.0,84446.016,46.28791058394161
Pakistan,Asia,125.79366,20.14800071716309,67.41670227050781,5500.32373046875,0.6299999952316284,42.79639816,2.99015832,57.64279,21.810516,310.65509677252,31.39999961853028,6485.9526,52.25533759124088
Palau,Oceania,562.3032,37.48400115966797,68.92220306396484,16425.97265625,,1931.31152344,14.55276012,,,38.6586956521739,19.299999237060547,358299.6,
Palestine,Asia,1075.9105,19.604999542236328,76.66239929199219,3845.5029296875,1.2999999523162842,364.4173584,10.4347353,33.49446,6.3515477,817.05377593361,15.5,132552.62,51.668147810218976
Panama,North America,2007.3737,29.27300071716309,79.3240966796875,36394.91796875,1.950000047683716,1417.1541748,9.13571072,72.23046,46.2142,58.5791992450795,11.100000381469728,237615.42,49.97462591240876
Papua New Guinea,Oceania,65.665825,22.12700080871582,65.27359771728516,4288.5283203125,0.6200000047683716,61.02529907,2.33994722,3.1479607,0.33796337,22.1103564015369,14.100000381469728,4593.079,45.19884124087592
Paraguay,South America,2940.6284,26.045000076293945,72.31849670410156,16296.283203125,1.0399999618530271,480.11322021,8.03277016,52.521175,32.61497,16.8240171155298,9.399999618530272,108832.68,43.67991788321168
Peru,South America,6603.9766,29.09600067138672,76.83399963378906,15661.75,1.559999942779541,455.3560791,6.67309427,85.76331,96.00839,25.9030328125,6.400000095367432,135437.02,53.61492700729927
Philippines,Asia,586.70984,24.86599922180176,69.47229766845703,10375.9404296875,0.9700000286102296,208.192276,5.97500563,68.83203,20.893595,379.317000368917,7.5,36622.254,58.48186131386861
Pitcairn,Oceania,0.0,,,,,,,,,,,88888.89,
Poland,Europe,3152.0303,40.86399841308594,77.92289733886719,45153.04296875,6.039999961853027,1183.30236816,6.3654809,59.15184,40.104836,120.815285854296,8.100000381469727,178286.75,39.7922901459854
Portugal,Europe,2847.5366,45.805999755859375,81.193603515625,42197.203125,3.4800000190734863,2764.04296875,11.22031498,85.53044,68.02607,113.113510527741,10.5,544450.94,43.69991788321168
Puerto Rico,North America,1832.1664,45.196998596191406,79.4269027709961,44205.75,,,,,,367.838895152198,10.899999618530272,386523.84,42.5040602189781
Qatar,Asia,238.55077,32.45800018310547,81.85659790039062,110889.7890625,1.25,1847.00231934,2.8927927,98.60714,65.85461,218.007832898172,24.600000381469727,177884.2,52.49036496350365
Reunion,Africa,1056.7465,37.06499862670898,81.5,,,,,,,,,567493.5,
Romania,Europe,3604.936,42.39099884033203,75.26139831542969,40504.0,7.230000019073486,963.01287842,6.45246983,42.337685,,83.1104789638387,7.5,188035.8,44.32344890510949
Russia,Europe,2777.1006,39.07099914550781,72.51740264892578,41704.7109375,6.809999942779541,881.74395752,7.0299139,54.74822,14.307821,8.83848757424343,5.900000095367432,171050.19,41.21682481751824
Rwanda,Africa,107.53771,19.21999931335449,67.52799987792969,3264.64453125,0.75,51.64677429,6.23147202,76.182304,43.06646,541.35630320227,2.0999999046325684,9762.93,53.72778284671533
Saint Barthelemy,North America,456.7044,38.70700073242188,84.28050231933594,,,,,,,,,503014.25,
Saint Helena,Africa,0.0,50.2140007019043,76.73519897460938,,,,,65.76643,,,,403427.1,
Saint Kitts and Nevis,North America,984.33624,34.97100067138672,70.31310272216797,30656.44140625,3.9800000190734863,1132.58447266,6.16912127,57.776257,7.4959345,179.857692307692,13.800000190734863,141380.64,
Saint Lucia,North America,2293.1418,33.316001892089844,72.6698989868164,24252.46875,1.090000033378601,654.8918457,6.26193285,30.74544,4.3994765,292.659016393443,11.399999618530272,169211.5,
Saint Martin (French part),North America,1591.7506,38.400001525878906,80.2354965209961,,,,,,,599.22,,426450.75,
Saint Pierre and Miquelon,North America,347.22223,45.98899841308594,76.69869995117188,,,,,,,,,594791.7,
Saint Vincent and the Grenadines,North America,1214.9359,33.632999420166016,71.19059753417969,18714.19921875,3.2100000381469727,454.784729,5.26607132,30.992622,4.1925087,263.694871794872,8.600000381469727,94784.59,
Samoa,Oceania,144.0052,20.090999603271484,71.55030059814453,7686.24951171875,,285.65393066,7.19651461,82.66549,38.216194,76.8989208633094,25.39999961853028,79235.375,
San Marino,Europe,3693.6064,46.78200149536133,85.70819854736328,70951.7890625,3.3499999046325684,4033.1027832,7.51272249,69.27857,56.71738,570.866666666667,8.600000381469727,741418.25,36.44386861313869
Sao Tome and Principe,Africa,353.49274,18.86899948120117,69.23680114746094,5491.29833984375,2.9100000858306885,187.06524658,7.85889721,49.482796,15.299166,231.209375,12.100000381469728,29918.74,
Saudi Arabia,Asia,299.7947,28.731000900268555,77.30979919433594,62792.7734375,2.4100000858306885,1654.74353027,5.93033648,79.047905,33.547375,14.320382473752,23.100000381469727,26152.598,45.57132299270073
Senegal,Africa,111.72109,18.88800048828125,67.78839874267578,4460.923828125,0.7099999785423279,71.12162781,4.44256258,8.77376,4.622743,89.4451098530099,3.799999952316284,5067.1064,26.638357664233578
Serbia,Europe,2658.8762,43.67499923706055,75.47779846191406,26900.853515625,5.78000020980835,889.09753418,9.23441029,48.271156,28.012836,81.2739445831847,10.5,378136.3,37.32671532846715
Seychelles,Africa,1370.1576,33.38800048828125,71.24810028076172,29241.775390625,2.630000114440918,629.85974121,5.2088151,66.56815,35.796165,215.778260869565,9.300000190734863,413429.12,46.04629562043795
Sierra Leone,Africa,15.223258,19.040000915527344,61.27479934692383,3098.762939453125,,44.90049362,5.07244635,59.949265,14.51899,112.144666112497,4.800000190734863,964.7438,42.7331295620438
Singapore,Asia,358.23718,34.87799835205078,82.92109680175781,132569.53125,2.809999942779541,4050.81054688,5.14599705,92.89906,84.41155,7595.49582172702,11.399999618530272,532073.4,43.58701642335767
Sint Maarten (Dutch part),North America,2182.0078,41.47999954223633,76.1803970336914,47303.1953125,,,,63.498802,21.692005,1222.67647058824,,262101.84,
Slovakia,Europe,3910.1475,40.90399932861328,77.03559875488281,40319.0546875,5.570000171661377,1684.51550293,7.62857914,51.00697,30.813044,113.295486688852,7.099999904632568,345300.5,38.97985401459854
Slovenia,Europe,4686.9585,43.49700164794922,80.79329681396484,48648.90625,4.110000133514404,2779.56591797,9.52724361,57.782104,32.217995,104.689964442502,7.0,646225.4,40.58121350364964
Solomon Islands,Oceania,254.77707,20.030000686645508,70.40859985351562,2353.248046875,,98.80261993,4.94795895,32.56435,3.5570207,27.2451232583065,12.0,33228.562,36.55576642335767
Somalia,Africa,76.45254,15.371000289916992,53.93149948120117,1409.3349609375,0.8700000047683716,15.01879692,2.73509169,43.06752,0.15803936,27.5312127395033,5.800000190734863,1535.4545,29.884972627737227
South Africa,Africa,1644.7195,27.91900062561035,65.45359802246094,13597.654296875,,592.9465332,8.6645031,33.727688,7.0707164,50.6991261983859,7.199999809265137,65298.035,43.85529197080293
South Korea,Asia,693.9408,43.94400024414063,82.72699737548828,55070.9375,12.8100004196167,3125.82714844,8.34412766,85.64171,79.80677,530.425604508197,9.600000381469728,667636.06,40.7510401459854
South Sudan,Africa,13.337961,17.59000015258789,57.202598571777344,,,34.78803635,6.30117083,38.773117,4.655783,17.1945943379805,4.599999904632568,1712.4308,40.3363594890511
Spain,Europe,2548.4028,44.391998291015625,82.36609649658203,48460.29296875,2.9100000858306885,3188.8515625,10.34419918,85.17771,68.818634,94.9382927184248,9.699999809265137,292302.16,44.95896897810219
Sri Lanka,Asia,740.39966,32.56100082397461,77.29959869384766,13752.8369140625,3.930000066757202,202.75497437,5.19427729,64.60631,35.997437,358.163595215002,10.199999809265137,29464.113,51.21667883211679
Sudan,Africa,102.1802,18.1200008392334,65.69499969482422,1861.39794921875,0.6600000262260437,21.69141006,2.9669323,27.167852,7.87991,25.7317580299786,19.0,1295.8418,29.44635948905109
Suriname,South America,2256.199,27.864999771118164,73.25379943847656,19179.1015625,2.869999885559082,270.37786865,5.01704168,38.172287,7.8451858,3.84963678669192,13.800000190734863,132417.69,54.247481751824814
Sweden,Europe,2812.5354,39.72800064086914,83.0459976196289,62978.9375,1.899999976158142,6894.20166016,11.23013592,72.40806,93.7927,25.5740792575133,5.800000190734863,265776.88,36.689361313868616
Switzerland,Europe,1611.6594,41.96099853515625,83.20030212402344,82286.1796875,4.380000114440918,11197.76464844,11.95855618,,55.570267,220.31454103721,5.300000190734863,510905.03,36.35805656934306
Syria,Asia,140.81453,21.58799934387207,72.78980255126953,4454.853515625,1.4299999475479126,53.4726181,3.50403309,10.499275,0.33781686,117.784888090181,19.0,2556.4316,37.512381386861314
Taiwan,Asia,,42.91699981689453,80.15689849853516,,,,,88.783066,108.73844,,,,29.85567518248175
Tajikistan,Asia,12.276292,21.742000579833984,71.5624008178711,4755.93310546875,4.039999961853027,75.10315704,8.37504482,50.99001,52.27241,71.8128683622739,8.0,1746.7689,27.879781021897813
Tanzania,Africa,13.073345,17.124000549316406,66.87860107421875,3713.262939453125,0.8399999737739563,37.53121185,3.46963334,49.706203,11.081998,70.9306976744186,9.800000190734863,674.60626,14.956158759124088
Thailand,Asia,487.89075,39.19400024414063,75.29129791259766,21740.541015625,2.390000104904175,363.72845459,5.15399981,74.56032,44.808372,140.396821233534,10.199999809265137,75670.77,42.96381386861314
Togo,Africa,35.941727,18.113000869750977,62.289798736572266,2960.775390625,0.3300000131130218,52.72237015,5.6165967,19.260626,5.302074,145.912410369553,4.800000190734863,4903.4434,43.53297445255475
Tokelau,Oceania,0.0,26.55500030517578,76.88700103759766,,,,,95.28547,41.86851,,,34602.074,
Tonga,Oceania,123.74706,20.72599983215332,72.63529968261719,7030.4189453125,,348.79745483,7.06254101,73.66758,36.731934,146.513888888889,19.600000381469727,161746.92,45.60529197080293
Transnistria,Europe,,,,,,,,,,,,,
Trinidad and Tobago,North America,2934.643,36.22600173950195,73.33080291748047,31960.15625,2.369999885559082,1170.93859863,7.20521307,48.061897,11.6875,266.580506822612,12.399999618530272,128011.94,52.13927919708029
Tunisia,Africa,2427.773,31.74399948120117,76.05049896240234,12774.916015625,1.820000052452088,285.25247192,7.34183979,52.823357,10.384866,77.5529222451081,16.0,95167.0,49.36921532846715
Turkey,Asia,1164.9528,32.071998596191406,77.59130096435547,36154.4921875,3.049999952316284,431.33978271,4.56065559,61.081894,47.583344,109.334768655068,16.5,195325.34,42.12536496350365
Turkmenistan,Asia,0.0,25.93099975585937,69.91329956054688,18662.298828125,3.5999999046325684,471.86325073,5.49196625,63.19193,52.784176,15.0917008916222,7.099999904632568,0.0,48.85249087591241
Turks and Caicos Islands,North America,893.84985,37.86600112915039,77.9176025390625,33390.52734375,,,,66.95154,16.226645,47.6242105263158,,151191.44,
Tuvalu,Oceania,99.88014,24.256000518798828,66.85160064697266,5812.3994140625,,1122.39929199,18.57411194,94.93607,57.38114,339.8,19.0,293947.25,
Uganda,Africa,76.76583,16.33799934387207,67.67469787597656,2879.670166015625,,51.03484726,5.47374916,27.605951,1.6161913,228.959355675244,2.200000047683716,3640.332,53.76440693430657
Ukraine,Europe,2678.2046,41.45100021362305,72.658203125,16319.8447265625,6.139999866485596,369.90487671,8.2027483,38.347157,8.026986,76.4560579910252,6.0,135339.27,41.49538321167884
United Arab Emirates,Asia,229.34784,30.902999877929688,80.48680114746094,69701.8046875,1.870000004768372,2249.96313477,5.30494308,95.60813,50.17239,134.823317375387,20.700000762939453,104180.94,44.23642335766424
United Kingdom,Europe,3404.4343,39.50400161743164,81.07440185546875,52621.1796875,2.4200000762939453,5645.40136719,12.08347321,74.43005,59.217354,276.848675236639,7.400000095367432,368405.34,43.06886861313868
United States,North America,3625.375,37.720001220703125,77.97889709472656,75489.265625,2.680000066757202,12080.07324219,17.35207748,67.52983,38.960323,36.3053370239915,13.699999809265137,302859.5,48.40324817518248
United States Virgin Islands,North America,1525.6411,44.57099914550781,75.0448989868164,46479.30078125,,,,,,302.485714285714,9.100000381469728,293443.22,37.45260948905109
Uruguay,South America,2269.5952,35.49599838256836,76.46820068359375,32038.7734375,2.440000057220459,1594.98059082,8.91955471,85.616646,92.09122,19.4074677179751,7.800000190734863,307660.8,37.462892335766426
Uzbekistan,Asia,29.079292,26.836000442504883,72.14649963378906,10450.205078125,4.889999866485596,156.44789124,6.92742586,52.81149,46.97636,77.7112512566577,7.5,5013.2583,38.66305656934306
Vanuatu,Oceania,44.71972,20.121000289916992,71.30159759521484,3172.047607421875,,142.56698608,4.58828115,51.82696,8.8471575,25.0917145200984,19.700000762939453,38391.88,29.245483576642336
Vatican,Europe,0.0,59.875,83.33540344238281,,,,,,,,,50682.26,
Venezuela,South America,207.56378,28.809999465942383,72.56559753417969,,0.9900000095367432,162.43952942,4.1022191,53.048817,2.309225,32.0138608922397,8.600000381469727,19591.844,55.20144160583941
Vietnam,Asia,433.44418,31.9379997253418,74.50250244140625,14415.2158203125,2.5199999809265137,168.09350586,4.53792429,86.23695,58.160954,315.653937574379,3.400000095367432,116612.4,54.68280109489051
Wallis and Futuna,Oceania,782.54065,36.5989990234375,78.50050354003906,,,,,59.15138,32.74498,,,326928.1,
Western Sahara,Africa,,31.69799995422364,71.14320373535156,,,,,,,,,,
Yemen,Asia,56.484497,18.11800003051757,67.95169830322266,,0.4600000083446502,49.30105209,9.44125366,2.1114502,0.18032394,70.3453415913783,5.5,312.5092,25.444096715328467
Zambia,Africa,202.35266,17.288000106811523,65.27909851074219,3708.069091796875,,74.83802795,6.63951397,45.719406,7.019419,26.3705551594721,10.300000190734863,17361.838,31.79153284671533
Zimbabwe,Africa,357.2082,17.683000564575195,62.36009979248047,5215.2529296875,1.950000047683716,60.89874268,2.67111874,35.236153,14.313021,40.8354917926845,1.5,16580.682,53.75140510948905
